[
  {
    "bundleId": 1,
    "feedType": "BUNDLE",
    "createdAt": "2023-02-05T17:11:03.544773",
    "bundleWriterId": 1,
    "bundleWriterProfileImage": null,
    "bundleWriterNickname": "testnic",
    "feedTitle": "스크랩한 내 카드 (기본 번들)",
    "feedContent": "bundleFeedTitle2",
    "bundleThumbnail": null,
    "bundleThumbnailText": "스크랩한 내 카드",
    "isBundlePrivate": "false",
    "isBundleDefault": "true",
    "bundleLike": 0
  },
  {
    "bundleId": 2,
    "feedType": "BUNDLE",
    "createdAt": "2023-02-05T17:11:03.544773",
    "bundleWriterId": 1,
    "bundleWriterProfileImage": null,
    "bundleWriterNickname": "testnic",
    "feedTitle": "2023년 IT 트렌드",
    "feedContent": "bundleFeedTitle2",
    "bundleThumbnail": "https://pds.joongang.co.kr/news/component/htmlphoto_mmdata/202301/05/1347fb1f-5b65-4771-86cf-9980f266155a.jpg",
    "bundleThumbnailText": "이것이 트렌드",
    "isBundlePrivate": "false",
    "isBundleDefault": "false",
    "bundleLike": 425
  },
  {
    "bundleId": 3,
    "feedType": "BUNDLE",
    "createdAt": "2023-02-05T17:11:03.544773",
    "bundleWriterId": 1,
    "bundleWriterProfileImage": null,
    "bundleWriterNickname": "testnic",
    "feedTitle": "알고리즘 마스터가 되기 위한 번들",
    "feedContent": "bundleFeedTitle2",
    "bundleThumbnail": "http://www.findb.co.kr/news/photo/202207/594_854_4811.jpg",
    "bundleThumbnailText": "알고리즘의 신",
    "isBundlePrivate": "false",
    "isBundleDefault": "false",
    "bundleLike": 1026
  },
  {
    "bundleId": 4,
    "feedType": "BUNDLE",
    "createdAt": "2023-02-05T17:11:03.544773",
    "bundleWriterId": 1,
    "bundleWriterProfileImage": null,
    "bundleWriterNickname": "testnic",
    "feedTitle": "나만 볼꺼야 번들",
    "feedContent": "bundleFeedTitle2",
    "bundleThumbnail": "https://images.velog.io/images/fromzoo/post/25badbb6-d09e-4061-88d2-0f91b84d528b/reactLogo.jpeg",
    "bundleThumbnailText": "리액트 마스터",
    "isBundlePrivate": "true",
    "isBundleDefault": "false",
    "bundleLike": 0
  },
  {
    "bundleId": 5,
    "feedType": "BUNDLE",
    "createdAt": "2023-02-05T17:11:03.544773",
    "bundleWriterId": 1,
    "bundleWriterProfileImage": null,
    "bundleWriterNickname": "testnic",
    "feedTitle": "카카오 개발자 되기 위해 한땀한땀 모은 번들",
    "feedContent": "bundleFeedTitle2",
    "bundleThumbnail": "https://blog.kakaocdn.net/dn/bezjux/btqCX8fuOPX/6uq138en4osoKRq9rtbEG0/img.jpg",
    "bundleThumbnailText": "for KAKAO",
    "isBundlePrivate": "true",
    "isBundleDefault": "false",
    "bundleLike": 56
  },
  {
    "bundleId": 6,
    "feedType": "BUNDLE",
    "createdAt": "2023-02-05T17:11:03.544773",
    "bundleWriterId": 1,
    "bundleWriterProfileImage": null,
    "bundleWriterNickname": "testnic",
    "feedTitle": "프론트엔드 지식 모음",
    "feedContent": "bundleFeedTitle2",
    "bundleThumbnail": "https://img.freepik.com/premium-vector/frontend-development-web-banner-concept-website-interface_277904-4191.jpg",
    "bundleThumbnailText": "FRONTEND MASTER",
    "isBundlePrivate": "false",
    "isBundleDefault": "false",
    "bundleLike": 2023
  },
  {
    "bundleId": 7,
    "feedType": "BUNDLE",
    "createdAt": "2023-02-05T17:11:03.544773",
    "bundleWriterId": 1,
    "bundleWriterProfileImage": null,
    "bundleWriterNickname": "testnic",
    "feedTitle": "HTML/CSS 절대 강자 번들",
    "feedContent": "bundleFeedTitle2",
    "bundleThumbnail": "https://www.sciencetimes.co.kr/wp-content/uploads/2019/07/%ED%94%BC%EC%B9%B4%EC%B8%84%EB%8A%94-%EB%9A%B1%EB%9A%B1%ED%95%A0%EA%B9%8C.jpg",
    "bundleThumbnailText": "css 지식 모으기",
    "isBundlePrivate": "false",
    "isBundleDefault": "false",
    "bundleLike": 213
  },
  {
    "bundleId": 8,
    "feedType": "BUNDLE",
    "createdAt": "2023-02-05T17:11:03.544773",
    "bundleWriterId": 1,
    "bundleWriterProfileImage": null,
    "bundleWriterNickname": "testnic",
    "feedTitle": "썸네일 없는 비밀 번들",
    "feedContent": "bundleFeedTitle2",
    "bundleThumbnail": null,
    "bundleThumbnailText": "썸네일 없지롱",
    "isBundlePrivate": "true",
    "isBundleDefault": "false",
    "bundleLike": 777
  },
  {
    "bundleId": 9,
    "feedType": "BUNDLE",
    "createdAt": "2023-02-05T17:11:03.544773",
    "bundleWriterId": 1,
    "bundleWriterProfileImage": null,
    "bundleWriterNickname": "testnic",
    "feedTitle": "빅데이터 관련 정보",
    "feedContent": "bundleFeedTitle2",
    "bundleThumbnail": "https://t1.daumcdn.net/cfile/tistory/9973F2405EA7C43F09",
    "bundleThumbnailText": "Big Data",
    "isBundlePrivate": "false",
    "isBundleDefault": "false",
    "bundleLike": 999
  }
]
