[
  {
    "id": "알고리즘",
    "label": "알고리즘",
    "value": 280,
    "color": "hsl(317, 70%, 50%)"
  },
  {
    "id": "직무",
    "label": "직무",
    "value": 325,
    "color": "hsl(27, 70%, 50%)"
  },
  {
    "id": "CS",
    "label": "CS",
    "value": 30,
    "color": "hsl(90, 70%, 50%)"
  },
  {
    "id": "자바",
    "label": "자바",
    "value": 235,
    "color": "hsl(173, 70%, 50%)"
  },
  {
    "id": "정보",
    "label": "정보",
    "value": 247,
    "color": "hsl(11, 70%, 50%)"
  }
]