{
  "statCategory": [
    {
      "proportion": 19.0,
      "categoryMakeCount": 3,
      "categoryName": "알고리즘",
      "subCategories": [
        {
          "proportion": 33.0,
          "categoryMakeCount": 1,
          "categoryName": "그래프탐색(DFS/BFS/MST..) / 트리 / 힙",
          "subCategories": null
        },
        {
          "proportion": 0.0,
          "categoryMakeCount": 0,
          "categoryName": "스택 / 큐 / 정렬",
          "subCategories": null
        },
        {
          "proportion": 33.0,
          "categoryMakeCount": 1,
          "categoryName": "완전 탐색 / 이분 탐색",
          "subCategories": null
        },
        {
          "proportion": 33.0,
          "categoryMakeCount": 1,
          "categoryName": "탐욕 / 동적 계획법 / 해시",
          "subCategories": null
        },
        {
          "proportion": 0.0,
          "categoryMakeCount": 0,
          "categoryName": "기타",
          "subCategories": null
        }
      ]
    },
    {
      "proportion": 0.0,
      "categoryMakeCount": 0,
      "categoryName": "CS",
      "subCategories": [
        {
          "proportion": 0.0,
          "categoryMakeCount": 0,
          "categoryName": "수학",
          "subCategories": null
        },
        {
          "proportion": 0.0,
          "categoryMakeCount": 0,
          "categoryName": "컴퓨터 구조",
          "subCategories": null
        },
        {
          "proportion": 0.0,
          "categoryMakeCount": 0,
          "categoryName": "운영체제",
          "subCategories": null
        },
        {
          "proportion": 0.0,
          "categoryMakeCount": 0,
          "categoryName": "자료구조",
          "subCategories": null
        },
        {
          "proportion": 0.0,
          "categoryMakeCount": 0,
          "categoryName": "네트워크",
          "subCategories": null
        },
        {
          "proportion": 0.0,
          "categoryMakeCount": 0,
          "categoryName": "데이터베이스",
          "subCategories": null
        },
        {
          "proportion": 0.0,
          "categoryMakeCount": 0,
          "categoryName": "기타",
          "subCategories": null
        }
      ]
    },
    {
      "proportion": 13.0,
      "categoryMakeCount": 2,
      "categoryName": "직무",
      "subCategories": [
        {
          "proportion": 0.0,
          "categoryMakeCount": 0,
          "categoryName": "면접",
          "subCategories": null
        },
        {
          "proportion": 0.0,
          "categoryMakeCount": 0,
          "categoryName": "백엔드",
          "subCategories": null
        },
        {
          "proportion": 0.0,
          "categoryMakeCount": 0,
          "categoryName": "프론트엔드",
          "subCategories": null
        },
        {
          "proportion": 0.0,
          "categoryMakeCount": 0,
          "categoryName": "인프라",
          "subCategories": null
        },
        {
          "proportion": 0.0,
          "categoryMakeCount": 0,
          "categoryName": "DBA",
          "subCategories": null
        },
        {
          "proportion": 0.0,
          "categoryMakeCount": 0,
          "categoryName": "기타",
          "subCategories": null
        }
      ]
    },
    {
      "proportion": 0.0,
      "categoryMakeCount": 2,
      "categoryName": "언어",
      "subCategories": [
        {
          "proportion": 0.0,
          "categoryMakeCount": 0,
          "categoryName": "C / C++",
          "subCategories": null
        },
        {
          "proportion": 0.0,
          "categoryMakeCount": 0,
          "categoryName": "Python",
          "subCategories": null
        },
        {
          "proportion": 0.0,
          "categoryMakeCount": 0,
          "categoryName": "JAVA",
          "subCategories": null
        },
        {
          "proportion": 0.0,
          "categoryMakeCount": 0,
          "categoryName": "Kotlin",
          "subCategories": null
        },
        {
          "proportion": 0.0,
          "categoryMakeCount": 0,
          "categoryName": "JS / HTML / CSS",
          "subCategories": null
        },
        {
          "proportion": 0.0,
          "categoryMakeCount": 2,
          "categoryName": "SQL",
          "subCategories": null
        },
        {
          "proportion": 0.0,
          "categoryMakeCount": 0,
          "categoryName": "기타",
          "subCategories": null
        }
      ]
    },
    {
      "proportion": 19.0,
      "categoryMakeCount": 3,
      "categoryName": "기타",
      "subCategories": [
        {
          "proportion": 0.0,
          "categoryMakeCount": 0,
          "categoryName": "기업 분석",
          "subCategories": null
        },
        {
          "proportion": 0.0,
          "categoryMakeCount": 0,
          "categoryName": "IT기사 / 트렌드",
          "subCategories": null
        },
        {
          "proportion": 0.0,
          "categoryMakeCount": 0,
          "categoryName": "자격증",
          "subCategories": null
        },
        {
          "proportion": 0.0,
          "categoryMakeCount": 0,
          "categoryName": "기타",
          "subCategories": null
        }
      ]
    }
  ],
  "registerDate": "2023-02-07",
  "mutualFollows": 0,
  "continuousCardMakeCnt": 33,
  "totalFeedLikeCnt": 4,
  "totalCardScrapCnt": 13,
  "mostMakeCategory": "기타",
  "mostMakeSubCategory": "완전 탐색 / 이분 탐색",
  "feedLikeRankingFollowing": 21,
  "cardScrapRankingFollowing": 11,
  "feedLikeRankingTotal": 23,
  "cardScrapRankingTotal": 44,
  "cardMakeRankingTotal": 123
}
