[
  {
    "value": 115,
    "day": "2015-07-08"
  },
  {
    "value": 66,
    "day": "2017-10-04"
  },
  {
    "value": 331,
    "day": "2016-12-28"
  },
  {
    "value": 348,
    "day": "2016-08-07"
  },
  {
    "value": 45,
    "day": "2018-03-12"
  },
  {
    "value": 316,
    "day": "2016-05-15"
  },
  {
    "value": 100,
    "day": "2017-07-29"
  },
  {
    "value": 199,
    "day": "2016-12-15"
  },
  {
    "value": 291,
    "day": "2016-08-25"
  },
  {
    "value": 391,
    "day": "2017-09-24"
  },
  {
    "value": 388,
    "day": "2016-07-14"
  },
  {
    "value": 334,
    "day": "2016-09-02"
  },
  {
    "value": 163,
    "day": "2017-07-17"
  },
  {
    "value": 98,
    "day": "2016-08-29"
  },
  {
    "value": 371,
    "day": "2018-08-10"
  },
  {
    "value": 319,
    "day": "2018-07-15"
  },
  {
    "value": 81,
    "day": "2017-09-11"
  },
  {
    "value": 95,
    "day": "2015-06-22"
  },
  {
    "value": 194,
    "day": "2015-12-30"
  },
  {
    "value": 89,
    "day": "2016-07-13"
  },
  {
    "value": 6,
    "day": "2015-08-27"
  },
  {
    "value": 395,
    "day": "2015-10-05"
  },
  {
    "value": 13,
    "day": "2017-09-07"
  },
  {
    "value": 95,
    "day": "2016-10-24"
  },
  {
    "value": 167,
    "day": "2018-03-05"
  },
  {
    "value": 145,
    "day": "2018-01-07"
  },
  {
    "value": 136,
    "day": "2017-11-18"
  },
  {
    "value": 50,
    "day": "2017-08-25"
  },
  {
    "value": 189,
    "day": "2018-03-23"
  },
  {
    "value": 25,
    "day": "2015-09-08"
  },
  {
    "value": 368,
    "day": "2017-12-18"
  },
  {
    "value": 382,
    "day": "2017-03-16"
  },
  {
    "value": 28,
    "day": "2017-06-06"
  },
  {
    "value": 192,
    "day": "2018-04-20"
  },
  {
    "value": 387,
    "day": "2015-12-19"
  },
  {
    "value": 327,
    "day": "2017-06-30"
  },
  {
    "value": 288,
    "day": "2015-09-25"
  },
  {
    "value": 110,
    "day": "2017-08-22"
  },
  {
    "value": 190,
    "day": "2016-02-04"
  },
  {
    "value": 301,
    "day": "2017-10-09"
  },
  {
    "value": 365,
    "day": "2017-06-24"
  },
  {
    "value": 129,
    "day": "2015-12-15"
  },
  {
    "value": 261,
    "day": "2015-12-07"
  },
  {
    "value": 378,
    "day": "2016-05-02"
  },
  {
    "value": 225,
    "day": "2016-11-28"
  },
  {
    "value": 24,
    "day": "2017-01-13"
  },
  {
    "value": 395,
    "day": "2015-10-03"
  },
  {
    "value": 325,
    "day": "2018-03-03"
  },
  {
    "value": 56,
    "day": "2018-01-02"
  },
  {
    "value": 382,
    "day": "2017-11-11"
  },
  {
    "value": 212,
    "day": "2015-06-18"
  },
  {
    "value": 232,
    "day": "2015-07-16"
  },
  {
    "value": 52,
    "day": "2016-09-07"
  },
  {
    "value": 342,
    "day": "2016-12-20"
  },
  {
    "value": 83,
    "day": "2017-02-07"
  },
  {
    "value": 289,
    "day": "2017-08-21"
  },
  {
    "value": 332,
    "day": "2016-11-13"
  },
  {
    "value": 223,
    "day": "2016-05-05"
  },
  {
    "value": 22,
    "day": "2015-06-26"
  },
  {
    "value": 381,
    "day": "2016-10-27"
  },
  {
    "value": 359,
    "day": "2017-09-20"
  },
  {
    "value": 25,
    "day": "2016-04-06"
  },
  {
    "value": 239,
    "day": "2017-01-10"
  },
  {
    "value": 242,
    "day": "2017-12-24"
  },
  {
    "value": 354,
    "day": "2015-06-15"
  },
  {
    "value": 219,
    "day": "2016-01-08"
  },
  {
    "value": 102,
    "day": "2016-08-02"
  },
  {
    "value": 84,
    "day": "2017-08-12"
  },
  {
    "value": 7,
    "day": "2015-08-29"
  },
  {
    "value": 248,
    "day": "2017-04-16"
  },
  {
    "value": 185,
    "day": "2017-10-13"
  },
  {
    "value": 79,
    "day": "2016-04-11"
  },
  {
    "value": 35,
    "day": "2016-03-14"
  },
  {
    "value": 336,
    "day": "2017-01-18"
  },
  {
    "value": 376,
    "day": "2017-03-22"
  },
  {
    "value": 375,
    "day": "2016-10-12"
  },
  {
    "value": 3,
    "day": "2018-05-07"
  },
  {
    "value": 303,
    "day": "2016-04-20"
  },
  {
    "value": 322,
    "day": "2015-10-17"
  },
  {
    "value": 212,
    "day": "2018-07-30"
  },
  {
    "value": 320,
    "day": "2018-06-13"
  },
  {
    "value": 243,
    "day": "2016-09-29"
  },
  {
    "value": 286,
    "day": "2016-11-22"
  },
  {
    "value": 266,
    "day": "2016-06-24"
  },
  {
    "value": 333,
    "day": "2017-10-20"
  },
  {
    "value": 180,
    "day": "2016-01-30"
  },
  {
    "value": 25,
    "day": "2016-05-19"
  },
  {
    "value": 300,
    "day": "2017-10-30"
  },
  {
    "value": 60,
    "day": "2016-08-16"
  },
  {
    "value": 354,
    "day": "2015-08-12"
  },
  {
    "value": 78,
    "day": "2016-01-20"
  },
  {
    "value": 342,
    "day": "2017-05-29"
  },
  {
    "value": 358,
    "day": "2016-09-01"
  },
  {
    "value": 265,
    "day": "2017-08-28"
  },
  {
    "value": 304,
    "day": "2016-01-16"
  },
  {
    "value": 367,
    "day": "2016-03-25"
  },
  {
    "value": 177,
    "day": "2015-07-22"
  },
  {
    "value": 137,
    "day": "2017-08-19"
  },
  {
    "value": 110,
    "day": "2015-07-30"
  },
  {
    "value": 220,
    "day": "2017-08-07"
  },
  {
    "value": 34,
    "day": "2017-10-31"
  },
  {
    "value": 116,
    "day": "2018-02-23"
  },
  {
    "value": 125,
    "day": "2015-09-22"
  },
  {
    "value": 22,
    "day": "2017-05-01"
  },
  {
    "value": 167,
    "day": "2016-03-21"
  },
  {
    "value": 237,
    "day": "2018-03-15"
  },
  {
    "value": 248,
    "day": "2016-09-19"
  },
  {
    "value": 348,
    "day": "2015-09-24"
  },
  {
    "value": 11,
    "day": "2016-02-20"
  },
  {
    "value": 278,
    "day": "2015-08-28"
  },
  {
    "value": 6,
    "day": "2018-01-15"
  },
  {
    "value": 337,
    "day": "2015-07-17"
  },
  {
    "value": 264,
    "day": "2017-05-16"
  },
  {
    "value": 189,
    "day": "2016-08-17"
  },
  {
    "value": 95,
    "day": "2016-01-13"
  },
  {
    "value": 219,
    "day": "2017-01-04"
  },
  {
    "value": 389,
    "day": "2017-11-21"
  },
  {
    "value": 287,
    "day": "2015-12-03"
  },
  {
    "value": 377,
    "day": "2017-08-17"
  },
  {
    "value": 252,
    "day": "2015-08-18"
  },
  {
    "value": 389,
    "day": "2016-12-23"
  },
  {
    "value": 106,
    "day": "2016-11-15"
  },
  {
    "value": 107,
    "day": "2017-03-06"
  },
  {
    "value": 326,
    "day": "2015-11-27"
  },
  {
    "value": 383,
    "day": "2017-04-12"
  },
  {
    "value": 232,
    "day": "2018-01-29"
  },
  {
    "value": 62,
    "day": "2016-06-15"
  },
  {
    "value": 210,
    "day": "2017-02-26"
  },
  {
    "value": 145,
    "day": "2017-01-19"
  },
  {
    "value": 51,
    "day": "2017-04-07"
  },
  {
    "value": 364,
    "day": "2018-03-02"
  },
  {
    "value": 55,
    "day": "2016-10-07"
  },
  {
    "value": 98,
    "day": "2016-08-03"
  },
  {
    "value": 77,
    "day": "2016-05-27"
  },
  {
    "value": 298,
    "day": "2015-12-09"
  },
  {
    "value": 267,
    "day": "2015-08-09"
  },
  {
    "value": 97,
    "day": "2016-07-01"
  },
  {
    "value": 232,
    "day": "2015-05-22"
  },
  {
    "value": 137,
    "day": "2015-10-10"
  },
  {
    "value": 45,
    "day": "2017-02-01"
  },
  {
    "value": 182,
    "day": "2017-03-12"
  },
  {
    "value": 46,
    "day": "2015-12-08"
  },
  {
    "value": 18,
    "day": "2018-05-25"
  },
  {
    "value": 302,
    "day": "2017-10-11"
  },
  {
    "value": 208,
    "day": "2017-05-24"
  },
  {
    "value": 46,
    "day": "2017-07-21"
  },
  {
    "value": 379,
    "day": "2017-08-13"
  },
  {
    "value": 344,
    "day": "2015-06-07"
  },
  {
    "value": 376,
    "day": "2015-12-11"
  },
  {
    "value": 25,
    "day": "2016-03-08"
  },
  {
    "value": 352,
    "day": "2017-07-15"
  },
  {
    "value": 271,
    "day": "2016-01-23"
  },
  {
    "value": 175,
    "day": "2016-07-27"
  },
  {
    "value": 233,
    "day": "2017-12-09"
  },
  {
    "value": 336,
    "day": "2018-06-30"
  },
  {
    "value": 55,
    "day": "2018-07-09"
  },
  {
    "value": 333,
    "day": "2017-11-25"
  },
  {
    "value": 38,
    "day": "2015-12-10"
  },
  {
    "value": 118,
    "day": "2017-08-08"
  },
  {
    "value": 263,
    "day": "2015-04-30"
  },
  {
    "value": 307,
    "day": "2017-05-06"
  },
  {
    "value": 140,
    "day": "2018-06-10"
  },
  {
    "value": 7,
    "day": "2015-08-19"
  },
  {
    "value": 134,
    "day": "2016-06-08"
  },
  {
    "value": 297,
    "day": "2017-06-17"
  },
  {
    "value": 39,
    "day": "2017-11-09"
  },
  {
    "value": 48,
    "day": "2015-12-16"
  },
  {
    "value": 42,
    "day": "2017-08-04"
  },
  {
    "value": 177,
    "day": "2016-07-15"
  },
  {
    "value": 59,
    "day": "2017-11-29"
  },
  {
    "value": 323,
    "day": "2016-11-30"
  },
  {
    "value": 310,
    "day": "2017-11-20"
  },
  {
    "value": 48,
    "day": "2017-06-15"
  },
  {
    "value": 176,
    "day": "2017-11-13"
  },
  {
    "value": 333,
    "day": "2017-12-29"
  },
  {
    "value": 390,
    "day": "2016-08-26"
  },
  {
    "value": 328,
    "day": "2016-10-21"
  },
  {
    "value": 318,
    "day": "2017-12-15"
  },
  {
    "value": 98,
    "day": "2015-10-15"
  },
  {
    "value": 169,
    "day": "2018-03-30"
  },
  {
    "value": 85,
    "day": "2018-03-16"
  },
  {
    "value": 348,
    "day": "2015-12-31"
  },
  {
    "value": 247,
    "day": "2017-01-27"
  },
  {
    "value": 245,
    "day": "2016-05-08"
  },
  {
    "value": 358,
    "day": "2017-07-31"
  },
  {
    "value": 390,
    "day": "2017-07-28"
  },
  {
    "value": 295,
    "day": "2016-08-15"
  },
  {
    "value": 189,
    "day": "2015-06-04"
  },
  {
    "value": 232,
    "day": "2015-08-06"
  },
  {
    "value": 120,
    "day": "2015-08-26"
  },
  {
    "value": 104,
    "day": "2015-08-15"
  },
  {
    "value": 106,
    "day": "2016-12-05"
  },
  {
    "value": 244,
    "day": "2015-08-03"
  },
  {
    "value": 26,
    "day": "2016-04-18"
  },
  {
    "value": 161,
    "day": "2018-05-10"
  },
  {
    "value": 110,
    "day": "2016-10-19"
  },
  {
    "value": 399,
    "day": "2018-07-03"
  },
  {
    "value": 345,
    "day": "2017-02-16"
  },
  {
    "value": 51,
    "day": "2016-09-27"
  },
  {
    "value": 101,
    "day": "2015-08-16"
  },
  {
    "value": 306,
    "day": "2017-12-28"
  },
  {
    "value": 15,
    "day": "2018-04-07"
  },
  {
    "value": 49,
    "day": "2018-02-05"
  },
  {
    "value": 308,
    "day": "2016-11-10"
  },
  {
    "value": 105,
    "day": "2015-08-11"
  },
  {
    "value": 143,
    "day": "2017-05-25"
  },
  {
    "value": 314,
    "day": "2017-09-29"
  },
  {
    "value": 339,
    "day": "2018-05-19"
  },
  {
    "value": 254,
    "day": "2016-05-31"
  },
  {
    "value": 368,
    "day": "2017-08-09"
  },
  {
    "value": 338,
    "day": "2018-05-31"
  },
  {
    "value": 342,
    "day": "2016-03-13"
  },
  {
    "value": 163,
    "day": "2016-11-12"
  },
  {
    "value": 226,
    "day": "2016-08-31"
  },
  {
    "value": 227,
    "day": "2016-01-21"
  },
  {
    "value": 371,
    "day": "2018-01-30"
  },
  {
    "value": 44,
    "day": "2015-12-22"
  },
  {
    "value": 290,
    "day": "2017-06-21"
  },
  {
    "value": 29,
    "day": "2016-05-29"
  },
  {
    "value": 76,
    "day": "2018-05-12"
  },
  {
    "value": 202,
    "day": "2018-05-02"
  },
  {
    "value": 0,
    "day": "2016-05-24"
  },
  {
    "value": 5,
    "day": "2016-04-19"
  },
  {
    "value": 192,
    "day": "2016-09-17"
  },
  {
    "value": 38,
    "day": "2016-11-06"
  },
  {
    "value": 31,
    "day": "2018-01-04"
  },
  {
    "value": 96,
    "day": "2017-11-10"
  },
  {
    "value": 279,
    "day": "2017-09-14"
  },
  {
    "value": 75,
    "day": "2016-03-31"
  },
  {
    "value": 113,
    "day": "2016-08-18"
  },
  {
    "value": 155,
    "day": "2017-05-26"
  },
  {
    "value": 366,
    "day": "2018-05-08"
  },
  {
    "value": 337,
    "day": "2016-09-20"
  },
  {
    "value": 51,
    "day": "2018-01-10"
  },
  {
    "value": 127,
    "day": "2018-06-09"
  },
  {
    "value": 199,
    "day": "2017-07-20"
  },
  {
    "value": 385,
    "day": "2016-06-21"
  },
  {
    "value": 368,
    "day": "2015-12-18"
  },
  {
    "value": 134,
    "day": "2018-07-31"
  },
  {
    "value": 215,
    "day": "2017-07-19"
  },
  {
    "value": 361,
    "day": "2017-04-26"
  },
  {
    "value": 7,
    "day": "2016-04-28"
  },
  {
    "value": 294,
    "day": "2018-03-27"
  },
  {
    "value": 348,
    "day": "2017-11-26"
  },
  {
    "value": 253,
    "day": "2017-01-21"
  },
  {
    "value": 58,
    "day": "2017-09-26"
  },
  {
    "value": 318,
    "day": "2016-01-19"
  },
  {
    "value": 2,
    "day": "2016-05-06"
  },
  {
    "value": 28,
    "day": "2018-03-24"
  },
  {
    "value": 257,
    "day": "2017-03-11"
  },
  {
    "value": 344,
    "day": "2017-03-05"
  },
  {
    "value": 387,
    "day": "2015-12-24"
  },
  {
    "value": 45,
    "day": "2016-02-29"
  },
  {
    "value": 84,
    "day": "2015-07-03"
  },
  {
    "value": 398,
    "day": "2017-01-24"
  },
  {
    "value": 21,
    "day": "2017-07-03"
  },
  {
    "value": 109,
    "day": "2017-09-04"
  },
  {
    "value": 305,
    "day": "2017-08-15"
  },
  {
    "value": 140,
    "day": "2018-01-21"
  },
  {
    "value": 153,
    "day": "2016-10-05"
  },
  {
    "value": 89,
    "day": "2017-01-28"
  },
  {
    "value": 33,
    "day": "2017-03-02"
  },
  {
    "value": 210,
    "day": "2017-08-20"
  },
  {
    "value": 380,
    "day": "2015-09-01"
  },
  {
    "value": 128,
    "day": "2018-06-05"
  },
  {
    "value": 147,
    "day": "2017-07-12"
  },
  {
    "value": 24,
    "day": "2015-12-17"
  },
  {
    "value": 18,
    "day": "2016-07-28"
  },
  {
    "value": 60,
    "day": "2017-12-25"
  },
  {
    "value": 299,
    "day": "2016-12-03"
  },
  {
    "value": 29,
    "day": "2015-05-01"
  },
  {
    "value": 224,
    "day": "2017-05-07"
  },
  {
    "value": 23,
    "day": "2017-11-05"
  },
  {
    "value": 153,
    "day": "2016-04-05"
  },
  {
    "value": 58,
    "day": "2017-12-26"
  },
  {
    "value": 307,
    "day": "2015-11-20"
  },
  {
    "value": 67,
    "day": "2016-02-19"
  },
  {
    "value": 46,
    "day": "2016-12-22"
  },
  {
    "value": 50,
    "day": "2017-01-02"
  },
  {
    "value": 365,
    "day": "2017-01-16"
  },
  {
    "value": 348,
    "day": "2016-04-14"
  },
  {
    "value": 142,
    "day": "2017-10-22"
  },
  {
    "value": 8,
    "day": "2017-09-30"
  },
  {
    "value": 175,
    "day": "2016-03-06"
  },
  {
    "value": 27,
    "day": "2018-02-21"
  },
  {
    "value": 126,
    "day": "2017-09-10"
  },
  {
    "value": 306,
    "day": "2017-02-23"
  },
  {
    "value": 288,
    "day": "2018-04-13"
  },
  {
    "value": 173,
    "day": "2018-08-11"
  },
  {
    "value": 340,
    "day": "2016-11-08"
  },
  {
    "value": 394,
    "day": "2015-05-09"
  },
  {
    "value": 109,
    "day": "2015-12-27"
  },
  {
    "value": 22,
    "day": "2017-01-12"
  },
  {
    "value": 145,
    "day": "2018-07-23"
  },
  {
    "value": 31,
    "day": "2017-10-10"
  },
  {
    "value": 276,
    "day": "2017-05-10"
  },
  {
    "value": 251,
    "day": "2016-04-02"
  },
  {
    "value": 87,
    "day": "2017-06-23"
  },
  {
    "value": 297,
    "day": "2015-12-25"
  },
  {
    "value": 50,
    "day": "2017-06-20"
  },
  {
    "value": 14,
    "day": "2018-06-27"
  },
  {
    "value": 146,
    "day": "2015-05-17"
  },
  {
    "value": 395,
    "day": "2017-01-25"
  },
  {
    "value": 281,
    "day": "2015-09-26"
  },
  {
    "value": 139,
    "day": "2015-09-18"
  },
  {
    "value": 356,
    "day": "2016-12-10"
  },
  {
    "value": 314,
    "day": "2017-05-15"
  },
  {
    "value": 336,
    "day": "2016-11-19"
  },
  {
    "value": 304,
    "day": "2016-03-28"
  },
  {
    "value": 150,
    "day": "2016-06-26"
  },
  {
    "value": 17,
    "day": "2018-04-03"
  },
  {
    "value": 301,
    "day": "2015-04-08"
  },
  {
    "value": 123,
    "day": "2016-08-21"
  },
  {
    "value": 101,
    "day": "2017-05-28"
  },
  {
    "value": 47,
    "day": "2016-10-14"
  },
  {
    "value": 14,
    "day": "2018-01-25"
  },
  {
    "value": 268,
    "day": "2016-11-01"
  },
  {
    "value": 388,
    "day": "2018-07-08"
  },
  {
    "value": 174,
    "day": "2018-03-06"
  },
  {
    "value": 184,
    "day": "2015-10-25"
  },
  {
    "value": 387,
    "day": "2016-02-12"
  },
  {
    "value": 278,
    "day": "2016-08-22"
  },
  {
    "value": 123,
    "day": "2018-07-26"
  },
  {
    "value": 317,
    "day": "2018-06-19"
  },
  {
    "value": 185,
    "day": "2016-09-06"
  },
  {
    "value": 305,
    "day": "2016-07-26"
  },
  {
    "value": 345,
    "day": "2017-04-13"
  },
  {
    "value": 141,
    "day": "2017-08-31"
  },
  {
    "value": 149,
    "day": "2017-05-12"
  },
  {
    "value": 172,
    "day": "2015-10-01"
  },
  {
    "value": 301,
    "day": "2017-05-20"
  },
  {
    "value": 253,
    "day": "2017-01-26"
  },
  {
    "value": 119,
    "day": "2015-10-31"
  },
  {
    "value": 143,
    "day": "2016-10-16"
  },
  {
    "value": 161,
    "day": "2015-05-29"
  },
  {
    "value": 145,
    "day": "2018-07-11"
  },
  {
    "value": 346,
    "day": "2017-12-12"
  },
  {
    "value": 194,
    "day": "2017-07-10"
  },
  {
    "value": 225,
    "day": "2017-09-22"
  },
  {
    "value": 102,
    "day": "2016-12-27"
  },
  {
    "value": 209,
    "day": "2017-09-13"
  },
  {
    "value": 151,
    "day": "2018-05-14"
  },
  {
    "value": 54,
    "day": "2016-05-18"
  },
  {
    "value": 353,
    "day": "2017-07-25"
  },
  {
    "value": 194,
    "day": "2016-12-11"
  },
  {
    "value": 263,
    "day": "2017-03-17"
  },
  {
    "value": 331,
    "day": "2017-12-23"
  },
  {
    "value": 128,
    "day": "2015-05-07"
  },
  {
    "value": 184,
    "day": "2018-02-03"
  },
  {
    "value": 72,
    "day": "2016-10-28"
  },
  {
    "value": 35,
    "day": "2018-05-28"
  },
  {
    "value": 385,
    "day": "2016-05-21"
  },
  {
    "value": 299,
    "day": "2015-07-25"
  },
  {
    "value": 151,
    "day": "2016-01-14"
  },
  {
    "value": 348,
    "day": "2016-12-02"
  },
  {
    "value": 115,
    "day": "2017-04-21"
  },
  {
    "value": 106,
    "day": "2017-06-28"
  },
  {
    "value": 337,
    "day": "2015-06-01"
  },
  {
    "value": 229,
    "day": "2018-03-08"
  },
  {
    "value": 53,
    "day": "2018-03-26"
  },
  {
    "value": 329,
    "day": "2016-01-11"
  },
  {
    "value": 5,
    "day": "2018-02-11"
  },
  {
    "value": 146,
    "day": "2015-05-02"
  },
  {
    "value": 227,
    "day": "2016-05-07"
  },
  {
    "value": 164,
    "day": "2015-07-20"
  },
  {
    "value": 285,
    "day": "2017-09-27"
  },
  {
    "value": 151,
    "day": "2017-12-06"
  },
  {
    "value": 257,
    "day": "2016-02-10"
  },
  {
    "value": 171,
    "day": "2018-03-01"
  },
  {
    "value": 237,
    "day": "2017-12-01"
  },
  {
    "value": 196,
    "day": "2017-02-12"
  },
  {
    "value": 134,
    "day": "2018-05-17"
  },
  {
    "value": 199,
    "day": "2017-12-14"
  },
  {
    "value": 53,
    "day": "2016-06-18"
  },
  {
    "value": 165,
    "day": "2018-08-06"
  },
  {
    "value": 136,
    "day": "2017-11-12"
  },
  {
    "value": 347,
    "day": "2015-11-26"
  },
  {
    "value": 205,
    "day": "2016-07-21"
  },
  {
    "value": 39,
    "day": "2017-09-05"
  },
  {
    "value": 301,
    "day": "2018-02-28"
  },
  {
    "value": 278,
    "day": "2016-08-12"
  },
  {
    "value": 141,
    "day": "2017-11-04"
  },
  {
    "value": 280,
    "day": "2016-06-16"
  },
  {
    "value": 69,
    "day": "2018-03-13"
  },
  {
    "value": 386,
    "day": "2017-07-05"
  },
  {
    "value": 198,
    "day": "2015-08-24"
  },
  {
    "value": 325,
    "day": "2016-07-23"
  },
  {
    "value": 307,
    "day": "2018-06-14"
  },
  {
    "value": 159,
    "day": "2017-09-23"
  },
  {
    "value": 323,
    "day": "2017-11-01"
  },
  {
    "value": 189,
    "day": "2017-04-17"
  },
  {
    "value": 313,
    "day": "2015-11-09"
  },
  {
    "value": 11,
    "day": "2017-06-18"
  },
  {
    "value": 394,
    "day": "2018-02-26"
  },
  {
    "value": 377,
    "day": "2017-11-19"
  },
  {
    "value": 350,
    "day": "2016-11-17"
  },
  {
    "value": 121,
    "day": "2016-07-17"
  },
  {
    "value": 197,
    "day": "2015-09-28"
  },
  {
    "value": 53,
    "day": "2016-06-13"
  },
  {
    "value": 281,
    "day": "2017-09-06"
  },
  {
    "value": 235,
    "day": "2016-06-02"
  },
  {
    "value": 207,
    "day": "2016-07-07"
  },
  {
    "value": 58,
    "day": "2018-03-04"
  },
  {
    "value": 192,
    "day": "2015-07-26"
  },
  {
    "value": 209,
    "day": "2016-03-26"
  },
  {
    "value": 235,
    "day": "2018-06-25"
  },
  {
    "value": 316,
    "day": "2015-07-29"
  },
  {
    "value": 230,
    "day": "2016-09-15"
  },
  {
    "value": 368,
    "day": "2017-07-14"
  },
  {
    "value": 338,
    "day": "2017-10-06"
  },
  {
    "value": 123,
    "day": "2017-10-01"
  },
  {
    "value": 355,
    "day": "2016-05-20"
  },
  {
    "value": 258,
    "day": "2018-03-22"
  },
  {
    "value": 90,
    "day": "2017-09-18"
  },
  {
    "value": 387,
    "day": "2018-03-20"
  },
  {
    "value": 87,
    "day": "2016-06-23"
  },
  {
    "value": 348,
    "day": "2017-06-07"
  },
  {
    "value": 174,
    "day": "2016-09-28"
  },
  {
    "value": 353,
    "day": "2016-12-09"
  },
  {
    "value": 152,
    "day": "2018-06-22"
  },
  {
    "value": 312,
    "day": "2015-05-18"
  },
  {
    "value": 164,
    "day": "2015-10-30"
  },
  {
    "value": 383,
    "day": "2015-05-10"
  },
  {
    "value": 362,
    "day": "2017-12-11"
  },
  {
    "value": 341,
    "day": "2018-05-24"
  },
  {
    "value": 322,
    "day": "2016-10-01"
  },
  {
    "value": 115,
    "day": "2016-01-06"
  },
  {
    "value": 78,
    "day": "2015-09-09"
  },
  {
    "value": 207,
    "day": "2017-03-23"
  },
  {
    "value": 323,
    "day": "2017-02-03"
  },
  {
    "value": 237,
    "day": "2016-12-31"
  },
  {
    "value": 194,
    "day": "2018-07-19"
  },
  {
    "value": 55,
    "day": "2015-09-30"
  },
  {
    "value": 271,
    "day": "2018-03-29"
  },
  {
    "value": 32,
    "day": "2017-06-10"
  },
  {
    "value": 376,
    "day": "2015-06-27"
  },
  {
    "value": 149,
    "day": "2015-04-25"
  },
  {
    "value": 47,
    "day": "2015-11-12"
  },
  {
    "value": 296,
    "day": "2016-10-26"
  },
  {
    "value": 126,
    "day": "2015-10-11"
  },
  {
    "value": 86,
    "day": "2016-03-22"
  },
  {
    "value": 112,
    "day": "2015-06-23"
  },
  {
    "value": 325,
    "day": "2016-07-10"
  },
  {
    "value": 150,
    "day": "2015-04-19"
  },
  {
    "value": 153,
    "day": "2018-02-20"
  },
  {
    "value": 175,
    "day": "2018-07-16"
  },
  {
    "value": 273,
    "day": "2015-05-13"
  },
  {
    "value": 148,
    "day": "2016-09-11"
  },
  {
    "value": 391,
    "day": "2016-02-01"
  },
  {
    "value": 397,
    "day": "2015-06-16"
  },
  {
    "value": 396,
    "day": "2016-02-24"
  },
  {
    "value": 35,
    "day": "2017-12-21"
  },
  {
    "value": 232,
    "day": "2017-06-19"
  },
  {
    "value": 148,
    "day": "2017-06-02"
  },
  {
    "value": 46,
    "day": "2017-11-17"
  },
  {
    "value": 237,
    "day": "2015-06-28"
  },
  {
    "value": 392,
    "day": "2015-08-02"
  },
  {
    "value": 20,
    "day": "2017-09-19"
  },
  {
    "value": 122,
    "day": "2018-03-14"
  },
  {
    "value": 117,
    "day": "2015-04-17"
  },
  {
    "value": 274,
    "day": "2017-07-18"
  },
  {
    "value": 384,
    "day": "2016-08-10"
  },
  {
    "value": 53,
    "day": "2016-01-09"
  },
  {
    "value": 268,
    "day": "2016-06-29"
  },
  {
    "value": 277,
    "day": "2016-03-01"
  },
  {
    "value": 236,
    "day": "2016-05-28"
  },
  {
    "value": 119,
    "day": "2016-07-06"
  },
  {
    "value": 364,
    "day": "2018-01-12"
  },
  {
    "value": 361,
    "day": "2018-07-12"
  },
  {
    "value": 234,
    "day": "2017-07-07"
  },
  {
    "value": 133,
    "day": "2015-12-14"
  },
  {
    "value": 180,
    "day": "2017-08-30"
  },
  {
    "value": 182,
    "day": "2016-03-23"
  },
  {
    "value": 89,
    "day": "2015-07-01"
  },
  {
    "value": 357,
    "day": "2016-03-17"
  },
  {
    "value": 210,
    "day": "2016-04-03"
  },
  {
    "value": 117,
    "day": "2018-05-13"
  },
  {
    "value": 51,
    "day": "2015-07-10"
  },
  {
    "value": 245,
    "day": "2018-06-02"
  },
  {
    "value": 111,
    "day": "2016-02-08"
  },
  {
    "value": 205,
    "day": "2017-02-28"
  },
  {
    "value": 73,
    "day": "2018-03-31"
  },
  {
    "value": 296,
    "day": "2016-02-14"
  },
  {
    "value": 339,
    "day": "2017-02-09"
  },
  {
    "value": 248,
    "day": "2016-06-19"
  },
  {
    "value": 355,
    "day": "2018-02-06"
  },
  {
    "value": 52,
    "day": "2017-06-25"
  },
  {
    "value": 261,
    "day": "2015-10-08"
  },
  {
    "value": 323,
    "day": "2016-11-24"
  },
  {
    "value": 285,
    "day": "2016-01-02"
  },
  {
    "value": 145,
    "day": "2015-08-31"
  },
  {
    "value": 156,
    "day": "2018-04-25"
  },
  {
    "value": 75,
    "day": "2018-02-18"
  },
  {
    "value": 139,
    "day": "2015-08-14"
  },
  {
    "value": 302,
    "day": "2017-11-16"
  },
  {
    "value": 96,
    "day": "2017-10-29"
  },
  {
    "value": 13,
    "day": "2017-08-23"
  },
  {
    "value": 373,
    "day": "2016-06-25"
  },
  {
    "value": 85,
    "day": "2018-07-18"
  },
  {
    "value": 31,
    "day": "2016-12-25"
  },
  {
    "value": 179,
    "day": "2015-10-02"
  },
  {
    "value": 103,
    "day": "2016-05-14"
  },
  {
    "value": 349,
    "day": "2016-10-09"
  },
  {
    "value": 271,
    "day": "2016-07-31"
  },
  {
    "value": 290,
    "day": "2017-10-02"
  },
  {
    "value": 256,
    "day": "2018-07-04"
  },
  {
    "value": 398,
    "day": "2017-01-07"
  },
  {
    "value": 156,
    "day": "2017-05-19"
  },
  {
    "value": 343,
    "day": "2017-07-27"
  },
  {
    "value": 215,
    "day": "2017-12-03"
  },
  {
    "value": 259,
    "day": "2015-12-13"
  },
  {
    "value": 151,
    "day": "2015-08-23"
  },
  {
    "value": 88,
    "day": "2018-05-26"
  },
  {
    "value": 388,
    "day": "2018-04-18"
  },
  {
    "value": 40,
    "day": "2015-10-12"
  },
  {
    "value": 273,
    "day": "2018-04-27"
  },
  {
    "value": 125,
    "day": "2016-04-09"
  },
  {
    "value": 125,
    "day": "2016-08-27"
  },
  {
    "value": 339,
    "day": "2016-08-20"
  },
  {
    "value": 334,
    "day": "2015-06-02"
  },
  {
    "value": 50,
    "day": "2015-11-30"
  },
  {
    "value": 347,
    "day": "2016-07-16"
  },
  {
    "value": 245,
    "day": "2016-11-09"
  },
  {
    "value": 246,
    "day": "2016-08-23"
  },
  {
    "value": 29,
    "day": "2015-06-13"
  },
  {
    "value": 20,
    "day": "2016-06-30"
  },
  {
    "value": 42,
    "day": "2016-05-04"
  },
  {
    "value": 352,
    "day": "2018-05-18"
  },
  {
    "value": 324,
    "day": "2018-08-02"
  },
  {
    "value": 335,
    "day": "2016-02-15"
  },
  {
    "value": 324,
    "day": "2017-10-21"
  },
  {
    "value": 96,
    "day": "2017-08-26"
  },
  {
    "value": 331,
    "day": "2015-12-29"
  },
  {
    "value": 23,
    "day": "2015-05-12"
  },
  {
    "value": 51,
    "day": "2017-04-20"
  },
  {
    "value": 85,
    "day": "2016-12-12"
  },
  {
    "value": 248,
    "day": "2016-05-26"
  },
  {
    "value": 348,
    "day": "2016-05-23"
  },
  {
    "value": 158,
    "day": "2015-10-20"
  },
  {
    "value": 260,
    "day": "2017-04-29"
  },
  {
    "value": 391,
    "day": "2016-07-24"
  },
  {
    "value": 232,
    "day": "2017-06-05"
  },
  {
    "value": 122,
    "day": "2015-11-21"
  },
  {
    "value": 346,
    "day": "2015-05-26"
  },
  {
    "value": 360,
    "day": "2015-04-07"
  },
  {
    "value": 60,
    "day": "2017-10-16"
  },
  {
    "value": 337,
    "day": "2017-01-11"
  },
  {
    "value": 21,
    "day": "2017-06-09"
  },
  {
    "value": 272,
    "day": "2015-07-07"
  },
  {
    "value": 198,
    "day": "2016-01-28"
  },
  {
    "value": 363,
    "day": "2016-09-22"
  },
  {
    "value": 337,
    "day": "2015-11-28"
  },
  {
    "value": 273,
    "day": "2018-05-29"
  },
  {
    "value": 118,
    "day": "2017-01-20"
  },
  {
    "value": 266,
    "day": "2016-02-21"
  },
  {
    "value": 94,
    "day": "2017-10-14"
  },
  {
    "value": 24,
    "day": "2015-11-11"
  },
  {
    "value": 90,
    "day": "2017-07-24"
  },
  {
    "value": 321,
    "day": "2016-03-29"
  },
  {
    "value": 66,
    "day": "2018-06-23"
  },
  {
    "value": 73,
    "day": "2017-10-26"
  },
  {
    "value": 191,
    "day": "2017-11-24"
  },
  {
    "value": 255,
    "day": "2018-01-24"
  },
  {
    "value": 156,
    "day": "2018-06-08"
  },
  {
    "value": 304,
    "day": "2016-10-18"
  },
  {
    "value": 39,
    "day": "2016-03-12"
  },
  {
    "value": 35,
    "day": "2016-11-05"
  },
  {
    "value": 15,
    "day": "2016-01-01"
  },
  {
    "value": 171,
    "day": "2015-04-15"
  },
  {
    "value": 303,
    "day": "2016-01-26"
  },
  {
    "value": 140,
    "day": "2016-10-29"
  },
  {
    "value": 198,
    "day": "2016-05-10"
  },
  {
    "value": 124,
    "day": "2018-05-06"
  },
  {
    "value": 369,
    "day": "2015-04-06"
  },
  {
    "value": 341,
    "day": "2017-08-29"
  },
  {
    "value": 218,
    "day": "2017-08-27"
  },
  {
    "value": 341,
    "day": "2017-05-03"
  },
  {
    "value": 145,
    "day": "2017-05-17"
  },
  {
    "value": 64,
    "day": "2015-05-03"
  },
  {
    "value": 231,
    "day": "2015-04-18"
  },
  {
    "value": 384,
    "day": "2015-08-05"
  },
  {
    "value": 328,
    "day": "2015-12-28"
  },
  {
    "value": 157,
    "day": "2018-02-27"
  },
  {
    "value": 387,
    "day": "2017-12-10"
  },
  {
    "value": 323,
    "day": "2016-09-30"
  },
  {
    "value": 360,
    "day": "2016-03-09"
  },
  {
    "value": 362,
    "day": "2015-06-14"
  },
  {
    "value": 63,
    "day": "2017-11-27"
  },
  {
    "value": 107,
    "day": "2016-01-17"
  },
  {
    "value": 217,
    "day": "2017-12-08"
  },
  {
    "value": 259,
    "day": "2018-02-25"
  },
  {
    "value": 271,
    "day": "2016-11-03"
  },
  {
    "value": 361,
    "day": "2015-08-13"
  },
  {
    "value": 314,
    "day": "2018-01-18"
  },
  {
    "value": 382,
    "day": "2017-10-15"
  },
  {
    "value": 72,
    "day": "2016-08-28"
  },
  {
    "value": 213,
    "day": "2016-11-29"
  },
  {
    "value": 59,
    "day": "2016-12-07"
  },
  {
    "value": 208,
    "day": "2016-11-14"
  },
  {
    "value": 57,
    "day": "2018-06-01"
  },
  {
    "value": 90,
    "day": "2015-11-18"
  },
  {
    "value": 32,
    "day": "2017-01-23"
  },
  {
    "value": 48,
    "day": "2018-06-17"
  },
  {
    "value": 238,
    "day": "2018-01-13"
  },
  {
    "value": 5,
    "day": "2016-04-22"
  },
  {
    "value": 265,
    "day": "2016-11-26"
  },
  {
    "value": 181,
    "day": "2017-03-30"
  },
  {
    "value": 71,
    "day": "2016-02-25"
  },
  {
    "value": 93,
    "day": "2017-01-08"
  },
  {
    "value": 61,
    "day": "2016-06-01"
  },
  {
    "value": 142,
    "day": "2015-06-11"
  },
  {
    "value": 222,
    "day": "2018-03-07"
  },
  {
    "value": 136,
    "day": "2016-10-11"
  },
  {
    "value": 120,
    "day": "2015-09-29"
  },
  {
    "value": 206,
    "day": "2015-09-16"
  },
  {
    "value": 305,
    "day": "2018-06-07"
  }
]