[
  {
    "categoryName":"알고리즘",
    "proportion":29,
    "subCategories":[
      {
        "categoryName":"DP",		
        "proportion":29,
      },
      {
        "categoryName":"완전탐색",		
        "proportion":22,
      },
      {
        "categoryName":"DFS",		
        "proportion":20,
      },
      {
        "categoryName":"트리",		
        "proportion":17,
      },
      {
        "categoryName":"위상정렬",		
        "proportion":12,
      },
    ]
  },
  {
    "categoryName":"CS",
    "proportion":22,
    "subCategories":[
      {
        "categoryName":"네트워크",		
        "proportion":40,
      },
      {
        "categoryName":"운영체제",		
        "proportion":30,
      },
      {
        "categoryName":"자료구조",		
        "proportion":20,
      },
      {
        "categoryName":"데이터베이스",		
        "proportion":10,
      },
    ]
  },
  {
    "categoryName":"언어",
    "proportion":20,
    "subCategories":[
      {
        "categoryName":"Python",		
        "proportion":40,
      },
      {
        "categoryName":"JAVA",		
        "proportion":30,
      },
      {
        "categoryName":"JavaScript",		
        "proportion":17,
      },
      {
        "categoryName":"C++",		
        "proportion":10,
      },
      {
        "categoryName":"Kotlin",		
        "proportion":3,
      },
    ]
  },
  {
    "categoryName":"정보",
    "proportion":17,
    "subCategories":[
      {
        "categoryName":"기업분석",		
        "proportion":30,
      },
      {
        "categoryName":"트렌드",		
        "proportion":40,
      },
      {
        "categoryName":"정보",		
        "proportion":30,
      },
    ]
  },
  {
    "categoryName":"직무",
    "proportion":12,
    "subCategories":[
      {
        "categoryName":"프론트엔드",		
        "proportion":80,
      },
      {
        "categoryName":"백엔드",		
        "proportion":11,
      },
      {
        "categoryName":"임베디드",		
        "proportion":0,
      },
      {
        "categoryName":"기타",		
        "proportion":1,
      },
      {
        "categoryName":"DB",		
        "proportion":5,
      },
    ]
  },
]